bearing,minute,rul_true,rul_pred,health,is_degrading
Bearing1_1,1,2.033333333333333,,100.0,False
Bearing1_1,2,2.0166666666666666,,100.0,False
Bearing1_1,3,2.0,,100.0,False
Bearing1_1,4,1.9833333333333334,,100.0,False
Bearing1_1,5,1.9666666666666666,,100.0,False
Bearing1_1,6,1.95,,100.0,False
Bearing1_1,7,1.9333333333333333,,99.85961821456728,False
Bearing1_1,8,1.9166666666666667,,99.13525477721673,False
Bearing1_1,9,1.9,,99.10796338171733,False
Bearing1_1,10,1.8833333333333333,,98.8913542456471,False
Bearing1_1,11,1.8666666666666667,,98.77607477849183,False
Bearing1_1,12,1.85,,98.30294482970695,False
Bearing1_1,13,1.8333333333333333,,98.06081405689052,False
Bearing1_1,14,1.8166666666666667,,97.28223951893224,True
Bearing1_1,15,1.8,,97.17887759919711,True
Bearing1_1,16,1.7833333333333334,,96.95894288725843,True
Bearing1_1,17,1.7666666666666666,,96.7963013279913,True
Bearing1_1,18,1.75,1.0586200070952971,96.66836099512919,True
Bearing1_1,19,1.7333333333333334,0.9686443099979494,96.36589102251644,True
Bearing1_1,20,1.7166666666666666,1.045176944254083,96.36589102251644,True
Bearing1_1,21,1.7,1.1710189667832576,96.34837038399314,True
Bearing1_1,22,1.6833333333333333,1.282980651880361,96.26306003530343,True
Bearing1_1,23,1.6666666666666667,1.4306628563532207,96.26306003530343,True
Bearing1_1,24,1.65,1.5910839589837915,96.24100295290354,True
Bearing1_1,25,1.6333333333333333,1.3813257612411287,95.3874514510894,True
Bearing1_1,26,1.6166666666666667,1.3129817070233931,95.3874514510894,True
Bearing1_1,27,1.6,1.3064625693196465,95.3874514510894,True
Bearing1_1,28,1.5833333333333333,1.299814220030331,95.22049192874772,True
Bearing1_1,29,1.5666666666666667,1.354682007132681,95.3874514510894,True
Bearing1_1,30,1.55,1.2880060637844188,94.55957948854055,True
Bearing1_1,31,1.5333333333333334,1.231893538974636,94.29009835624994,True
Bearing1_1,32,1.5166666666666666,1.1893626321292046,94.07140286594637,True
Bearing1_1,33,1.5,1.174118234276834,94.07140286594637,True
Bearing1_1,34,1.4833333333333334,1.1767566194580177,94.07140286594637,True
Bearing1_1,35,1.4666666666666666,1.1920335022192103,94.07140286594637,True
Bearing1_1,36,1.45,1.2167932755704256,94.07140286594637,True
Bearing1_1,37,1.4333333333333333,1.2794330866246795,94.48171272226283,True
Bearing1_1,38,1.4166666666666667,1.2915070599078071,93.72995133616864,True
Bearing1_1,39,1.4,1.3119627809495777,93.72995133616864,True
Bearing1_1,40,1.3833333333333333,1.364747596442772,94.12218573367393,True
Bearing1_1,41,1.3666666666666667,1.4212284105947859,94.12218573367393,True
Bearing1_1,42,1.35,1.481128152870727,94.12218573367393,True
Bearing1_1,43,1.3333333333333333,1.5639818283998175,94.38909401792696,True
Bearing1_1,44,1.3166666666666667,1.6497313806041372,94.38909401792696,True
Bearing1_1,45,1.3,1.7383500902887485,94.38909401792696,True
Bearing1_1,46,1.2833333333333334,1.8722223462375691,94.85354428678508,True
Bearing1_1,47,1.2666666666666666,1.9655326155482564,94.38909401792696,True
Bearing1_1,48,1.25,1.9871833354299255,93.52536340547448,True
Bearing1_1,49,1.2333333333333334,2.0147100918107403,93.52536340547448,True
Bearing1_1,50,1.2166666666666666,2.033333333333333,94.88425056465398,True
Bearing1_1,51,1.2,2.033333333333333,94.18104828968511,True
Bearing1_1,52,1.1833333333333333,2.033333333333333,94.79310342736757,True
Bearing1_1,53,1.1666666666666667,2.033333333333333,94.79310342736757,True
Bearing1_1,54,1.15,2.033333333333333,94.46962473660886,True
Bearing1_1,55,1.1333333333333333,2.033333333333333,94.46962473660886,True
Bearing1_1,56,1.1166666666666667,2.033333333333333,94.61648130232622,True
Bearing1_1,57,1.1,2.033333333333333,94.46962473660886,True
Bearing1_1,58,1.0833333333333333,2.033333333333333,94.61648130232622,True
Bearing1_1,59,1.0666666666666667,2.033333333333333,94.61648130232622,True
Bearing1_1,60,1.05,2.033333333333333,93.53932396596639,True
Bearing1_1,61,1.0333333333333334,2.033333333333333,93.53932396596639,True
Bearing1_1,62,1.0166666666666666,2.033333333333333,94.07000778091631,True
Bearing1_1,63,1.0,2.033333333333333,94.07000778091631,True
Bearing1_1,64,0.9833333333333333,2.033333333333333,94.20234741622023,True
Bearing1_1,65,0.9666666666666667,2.033333333333333,94.20234741622023,True
Bearing1_1,66,0.95,2.033333333333333,94.20234741622023,True
Bearing1_1,67,0.9333333333333333,2.033333333333333,93.76355977789956,True
Bearing1_1,68,0.9166666666666666,2.033333333333333,93.53540259478552,True
Bearing1_1,69,0.9,2.033333333333333,93.53062940428116,True
Bearing1_1,70,0.8833333333333333,2.033333333333333,93.49706923692563,True
Bearing1_1,71,0.8666666666666667,2.033333333333333,93.23394667145118,True
Bearing1_1,72,0.85,2.033333333333333,92.8687710729325,True
Bearing1_1,73,0.8333333333333334,2.033333333333333,91.7449889326929,True
Bearing1_1,74,0.8166666666666667,2.033333333333333,91.6988262131357,True
Bearing1_1,75,0.8,2.033333333333333,90.66263641737893,True
Bearing1_1,76,0.7833333333333333,2.033333333333333,89.66879612112709,True
Bearing1_1,77,0.7666666666666667,2.033333333333333,89.10070262236052,True
Bearing1_1,78,0.75,2.033333333333333,86.75298893105648,True
Bearing1_1,79,0.7333333333333333,2.033333333333333,84.99567243446847,True
Bearing1_1,80,0.7166666666666667,2.010160866213684,81.18926336741015,True
Bearing1_1,81,0.7,1.4094961779165371,58.179218004646515,True
Bearing1_1,82,0.6833333333333333,1.0338494609938245,51.25877113244489,True
Bearing1_1,83,0.6666666666666666,0.7928475996670188,48.18285779913294,True
Bearing1_1,84,0.65,0.6255355291173421,47.24599865524305,True
Bearing1_1,85,0.6333333333333333,0.5005107878646462,44.618869967404045,True
Bearing1_1,86,0.6166666666666667,0.40556671796713384,40.079235401246954,True
Bearing1_1,87,0.6,0.32764988421387464,38.7822604313431,True
Bearing1_1,88,0.5833333333333334,0.2602578895279013,36.45226822441702,True
Bearing1_1,89,0.5666666666666667,0.205354472248664,34.87172831735512,True
Bearing1_1,90,0.55,0.16340458792217682,30.931507383076802,True
Bearing1_1,91,0.5333333333333333,0.12601511968889656,30.490610310883497,True
Bearing1_1,92,0.5166666666666667,0.09555692000911731,28.5958580453198,True
Bearing1_1,93,0.5,0.0694289461903761,27.962448963380897,True
Bearing1_1,94,0.48333333333333334,0.04591770182691812,26.68953286490642,True
Bearing1_1,95,0.4666666666666667,0.025451581351537023,26.076625464359875,True
Bearing1_1,96,0.45,0.007241057468008183,23.229720415560628,True
Bearing1_1,97,0.43333333333333335,0.0,21.133235453672462,True
Bearing1_1,98,0.4166666666666667,0.0,21.005681084693176,True
Bearing1_1,99,0.4,0.0,16.944691534813337,True
Bearing1_1,100,0.38333333333333336,0.0,16.944691534813337,True
Bearing1_1,101,0.36666666666666664,0.0,16.620931664473215,True
Bearing1_1,102,0.35,0.0,13.540801962032385,True
Bearing1_1,103,0.3333333333333333,0.0,12.759764899088566,True
Bearing1_1,104,0.31666666666666665,0.0,12.711023433392493,True
Bearing1_1,105,0.3,0.0,12.06685608756856,True
Bearing1_1,106,0.2833333333333333,0.0,11.606018835613673,True
Bearing1_1,107,0.26666666666666666,0.0,11.606018835613673,True
Bearing1_1,108,0.25,0.0,11.212077711378535,True
Bearing1_1,109,0.23333333333333334,0.0,10.496201621441939,True
Bearing1_1,110,0.21666666666666667,0.0,10.42131602167225,True
Bearing1_1,111,0.2,0.0,9.82050689357968,True
Bearing1_1,112,0.18333333333333332,0.0,9.170204152074765,True
Bearing1_1,113,0.16666666666666666,0.0,9.170204152074765,True
Bearing1_1,114,0.15,0.0,7.901641848722553,True
Bearing1_1,115,0.13333333333333333,0.0,7.671597358180238,True
Bearing1_1,116,0.11666666666666667,0.0,5.962867818577611,True
Bearing1_1,117,0.1,0.0,5.435799964937855,True
Bearing1_1,118,0.08333333333333333,0.0,5.435799964937855,True
Bearing1_1,119,0.06666666666666667,0.0,5.435799964937855,True
Bearing1_1,120,0.05,0.0,5.375952723891764,True
Bearing1_1,121,0.03333333333333333,0.0,4.593592817714282,True
Bearing1_1,122,0.016666666666666666,0.0,0.0,True
Bearing1_1,123,0.0,0.0,0.0,True
Bearing1_2,1,2.6666666666666665,,99.73739446244807,False
Bearing1_2,2,2.65,,99.84565757362903,False
Bearing1_2,3,2.6333333333333333,,99.73739446244807,False
Bearing1_2,4,2.6166666666666667,,99.84565757362903,False
Bearing1_2,5,2.6,,99.95392068480997,False
Bearing1_2,6,2.5833333333333335,,100.0,False
Bearing1_2,7,2.566666666666667,,100.0,False
Bearing1_2,8,2.55,,100.0,False
Bearing1_2,9,2.533333333333333,,100.0,False
Bearing1_2,10,2.5166666666666666,,100.0,False
Bearing1_2,11,2.5,,100.0,False
Bearing1_2,12,2.4833333333333334,,100.0,False
Bearing1_2,13,2.466666666666667,,100.0,False
Bearing1_2,14,2.45,,100.0,False
Bearing1_2,15,2.433333333333333,,100.0,False
Bearing1_2,16,2.4166666666666665,,100.0,False
Bearing1_2,17,2.4,,100.0,False
Bearing1_2,18,2.3833333333333333,,100.0,False
Bearing1_2,19,2.3666666666666667,,100.0,False
Bearing1_2,20,2.35,,100.0,False
Bearing1_2,21,2.3333333333333335,,100.0,False
Bearing1_2,22,2.316666666666667,,100.0,False
Bearing1_2,23,2.3,,100.0,False
Bearing1_2,24,2.283333333333333,,100.0,False
Bearing1_2,25,2.2666666666666666,,100.0,False
Bearing1_2,26,2.25,,100.0,False
Bearing1_2,27,2.2333333333333334,,100.0,False
Bearing1_2,28,2.216666666666667,,100.0,False
Bearing1_2,29,2.2,,100.0,False
Bearing1_2,30,2.183333333333333,,100.0,False
Bearing1_2,31,2.1666666666666665,,100.0,False
Bearing1_2,32,2.15,,100.0,False
Bearing1_2,33,2.1333333333333333,,100.0,False
Bearing1_2,34,2.1166666666666667,,100.0,False
Bearing1_2,35,2.1,,99.96298531110507,False
Bearing1_2,36,2.0833333333333335,,99.81322853759028,False
Bearing1_2,37,2.066666666666667,,99.41572719601692,False
Bearing1_2,38,2.05,,99.13520130681583,True
Bearing1_2,39,2.033333333333333,,98.53836142246416,True
Bearing1_2,40,2.0166666666666666,,98.06037451898689,True
Bearing1_2,41,2.0,,97.2130014207089,True
Bearing1_2,42,1.9833333333333334,0.1908249992843779,97.2130014207089,True
Bearing1_2,43,1.9666666666666666,0.2360885599929905,97.14358196793683,True
Bearing1_2,44,1.95,0.2921995635504705,97.1344509501681,True
Bearing1_2,45,1.9333333333333333,0.34480843530119787,96.96365801843501,True
Bearing1_2,46,1.9166666666666667,0.40669663617454255,96.96365801843501,True
Bearing1_2,47,1.9,0.41600843688996514,96.12621220412422,True
Bearing1_2,48,1.8833333333333333,0.36309902472044453,94.11548978805006,True
Bearing1_2,49,1.8666666666666667,0.3454576576504029,94.11548978805006,True
Bearing1_2,50,1.85,0.343748820774914,94.09755035232239,True
Bearing1_2,51,1.8333333333333333,0.35058095008614976,94.04988600321093,True
Bearing1_2,52,1.8166666666666667,0.3638451396510173,94.04988600321093,True
Bearing1_2,53,1.8,0.3546624906345266,92.27425322293209,True
Bearing1_2,54,1.7833333333333334,0.3493689591094815,91.88759114194606,True
Bearing1_2,55,1.7666666666666666,0.34177905051379553,90.99462676625578,True
Bearing1_2,56,1.75,0.33950806482096574,90.8840867576822,True
Bearing1_2,57,1.7333333333333334,0.33818953140717145,90.42401013469222,True
Bearing1_2,58,1.7166666666666666,0.3233158101112852,87.6569464782005,True
Bearing1_2,59,1.7,0.29789949188139164,83.74266560339859,True
Bearing1_2,60,1.6833333333333333,0.260161236161477,75.77631419151663,True
Bearing1_2,61,1.6666666666666667,0.2278171749741953,72.41011138503039,True
Bearing1_2,62,1.65,0.202970727338603,71.6119856298528,True
Bearing1_2,63,1.6333333333333333,0.1835892784341855,71.19359796584477,True
Bearing1_2,64,1.6166666666666667,0.16781338688905012,70.57164911346067,True
Bearing1_2,65,1.6,0.1504023951688518,65.11149517196264,True
Bearing1_2,66,1.5833333333333333,0.12376012666413105,43.16583031380504,True
Bearing1_2,67,1.5666666666666667,0.1020509884543983,42.97368282806434,True
Bearing1_2,68,1.55,0.08264024878686449,39.29344485064274,True
Bearing1_2,69,1.5333333333333334,0.06550037362394301,37.28163230466093,True
Bearing1_2,70,1.5166666666666666,0.050421907709990776,36.48153054311244,True
Bearing1_2,71,1.5,0.035487697130482054,29.887868155873825,True
Bearing1_2,72,1.4833333333333334,0.022196404229073208,29.860640540498373,True
Bearing1_2,73,1.4666666666666666,0.010213440901638116,29.860640540498373,True
Bearing1_2,74,1.45,0.0,29.860640540498373,True
Bearing1_2,75,1.4333333333333333,0.0,32.40302899432489,True
Bearing1_2,76,1.4166666666666667,0.0,33.010672591766856,True
Bearing1_2,77,1.4,0.0,38.343618130414356,True
Bearing1_2,78,1.3833333333333333,0.0,49.46605564743458,True
Bearing1_2,79,1.3666666666666667,0.0,50.804552066134924,True
Bearing1_2,80,1.35,0.0,50.84153576063688,True
Bearing1_2,81,1.3333333333333333,0.0,50.97833097556595,True
Bearing1_2,82,1.3166666666666667,0.0,51.51928507430951,True
Bearing1_2,83,1.3,0.0,52.80307156371028,True
Bearing1_2,84,1.2833333333333334,0.0,52.80307156371028,True
Bearing1_2,85,1.2666666666666666,0.0,52.02497511558888,True
Bearing1_2,86,1.25,0.0,52.02497511558888,True
Bearing1_2,87,1.2333333333333334,0.0,51.280032696578836,True
Bearing1_2,88,1.2166666666666666,0.0038946349251061108,51.280032696578836,True
Bearing1_2,89,1.2,0.014511449142089905,51.280032696578836,True
Bearing1_2,90,1.1833333333333333,0.029619268041124913,51.280032696578836,True
Bearing1_2,91,1.1666666666666667,0.05107527190541261,51.49917988611572,True
Bearing1_2,92,1.15,0.08226410666016193,51.82958854698768,True
Bearing1_2,93,1.1333333333333333,0.1189422117012986,51.82958854698768,True
Bearing1_2,94,1.1166666666666667,0.1665941848566248,48.8113479646429,True
Bearing1_2,95,1.1,0.23341605736701254,48.8113479646429,True
Bearing1_2,96,1.0833333333333333,0.33658031478160577,46.94745743905131,True
Bearing1_2,97,1.0666666666666667,0.5066195816942183,44.421772410372895,True
Bearing1_2,98,1.05,0.7730931661925999,42.86661511017217,True
Bearing1_2,99,1.0333333333333334,1.2085841364641197,42.006531860662214,True
Bearing1_2,100,1.0166666666666666,1.6995264341913021,39.26685667829337,True
Bearing1_2,101,1.0,2.4393872796879297,37.7343943380458,True
Bearing1_2,102,0.9833333333333333,2.6666666666666665,37.39345491105286,True
Bearing1_2,103,0.9666666666666667,2.6666666666666665,37.13158741721564,True
Bearing1_2,104,0.95,,35.87351789419928,True
Bearing1_2,105,0.9333333333333333,,30.796437992729658,True
Bearing1_2,106,0.9166666666666666,,30.41480006673557,True
Bearing1_2,107,0.9,,30.41480006673557,True
Bearing1_2,108,0.8833333333333333,2.6666666666666665,30.41480006673557,True
Bearing1_2,109,0.8666666666666667,2.6666666666666665,39.71057587021254,True
Bearing1_2,110,0.85,2.6666666666666665,42.3831457397564,True
Bearing1_2,111,0.8333333333333334,2.6666666666666665,49.26955769111165,True
Bearing1_2,112,0.8166666666666667,2.6666666666666665,50.687585306864904,True
Bearing1_2,113,0.8,2.6666666666666665,51.60039342821329,True
Bearing1_2,114,0.7833333333333333,2.6269176590796444,51.963583490229645,True
Bearing1_2,115,0.7666666666666667,2.4481495834399127,53.004526985887715,True
Bearing1_2,116,0.75,2.2713102067080317,53.004526985887715,True
Bearing1_2,117,0.7333333333333333,2.26342512742744,53.004526985887715,True
Bearing1_2,118,0.7166666666666667,2.6014714043417007,50.466960361086045,True
Bearing1_2,119,0.7,2.6666666666666665,45.706924853253426,True
Bearing1_2,120,0.6833333333333333,2.6666666666666665,45.08888264330572,True
Bearing1_2,121,0.6666666666666666,2.6666666666666665,43.30337902332871,True
Bearing1_2,122,0.65,2.6666666666666665,36.41290577311515,True
Bearing1_2,123,0.6333333333333333,2.6263230366220114,34.6199702504468,True
Bearing1_2,124,0.6166666666666667,2.44414635384085,33.505512435992316,True
Bearing1_2,125,0.6,2.261567474793789,32.99630662838082,True
Bearing1_2,126,0.5833333333333334,2.1358126853399795,32.99630662838082,True
Bearing1_2,127,0.5666666666666667,2.0390706438456196,33.505512435992316,True
Bearing1_2,128,0.55,1.97967694748518,33.505512435992316,True
Bearing1_2,129,0.5333333333333333,1.9709257327369811,34.03185002940146,True
Bearing1_2,130,0.5166666666666667,1.9948593418052236,34.03185002940146,True
Bearing1_2,131,0.5,2.083791168756058,34.527022282855626,True
Bearing1_2,132,0.48333333333333334,2.241314139599749,34.527022282855626,True
Bearing1_2,133,0.4666666666666667,2.6384997244961648,37.413210841657026,True
Bearing1_2,134,0.45,2.6666666666666665,38.552790707194944,True
Bearing1_2,135,0.43333333333333335,2.6666666666666665,39.82022229661037,True
Bearing1_2,136,0.4166666666666667,2.6666666666666665,40.8193654122809,True
Bearing1_2,137,0.4,2.6666666666666665,40.8193654122809,True
Bearing1_2,138,0.38333333333333336,2.6666666666666665,40.8193654122809,True
Bearing1_2,139,0.36666666666666664,2.6666666666666665,38.864209749394746,True
Bearing1_2,140,0.35,2.6666666666666665,37.06709453163436,True
Bearing1_2,141,0.3333333333333333,2.6666666666666665,34.54171419900539,True
Bearing1_2,142,0.31666666666666665,2.6666666666666665,34.01771560376295,True
Bearing1_2,143,0.3,2.5929442349372143,33.79520286555084,True
Bearing1_2,144,0.2833333333333333,2.0958848516693283,34.01771560376295,True
Bearing1_2,145,0.26666666666666666,1.6141604545328163,34.01771560376295,True
Bearing1_2,146,0.25,1.3031085956693818,35.012510523252324,True
Bearing1_2,147,0.23333333333333334,1.0763936075140523,35.012510523252324,True
Bearing1_2,148,0.21666666666666667,0.9038394609075033,35.012510523252324,True
Bearing1_2,149,0.2,0.7818252404345571,28.23856160609992,True
Bearing1_2,150,0.18333333333333332,0.6741312132869841,23.88763604017141,True
Bearing1_2,151,0.16666666666666666,0.6103466764238625,19.66963167994177,True
Bearing1_2,152,0.15,0.5403866462137339,13.609548931061777,True
Bearing1_2,153,0.13333333333333333,0.49096178795719014,13.609548931061777,True
Bearing1_2,154,0.11666666666666667,0.45419539644662876,13.428742686252656,True
Bearing1_2,155,0.1,0.43334679855242086,13.609548931061777,True
Bearing1_2,156,0.08333333333333333,0.42031670924877584,13.3832886579423,True
Bearing1_2,157,0.06666666666666667,0.41604852585912466,13.3832886579423,True
Bearing1_2,158,0.05,0.37343593664485697,4.349881352882807,True
Bearing1_2,159,0.03333333333333333,0.31205072283204993,1.4526783985641751,True
Bearing1_2,160,0.016666666666666666,0.25202908725293627,0.0,True
Bearing1_2,161,0.0,0.17743246287912529,0.0,True
Bearing1_3,1,2.6166666666666667,,100.0,False
Bearing1_3,2,2.6,,100.0,False
Bearing1_3,3,2.5833333333333335,,100.0,False
Bearing1_3,4,2.566666666666667,,100.0,False
Bearing1_3,5,2.55,,100.0,False
Bearing1_3,6,2.533333333333333,,100.0,False
Bearing1_3,7,2.5166666666666666,,99.90050978846159,False
Bearing1_3,8,2.5,,99.90050978846159,False
Bearing1_3,9,2.4833333333333334,,99.90050978846159,False
Bearing1_3,10,2.466666666666667,,99.90515619974828,False
Bearing1_3,11,2.45,,99.90515619974828,False
Bearing1_3,12,2.433333333333333,,99.90515619974828,False
Bearing1_3,13,2.4166666666666665,,99.88748161593759,False
Bearing1_3,14,2.4,,99.70467398022022,True
Bearing1_3,15,2.3833333333333333,,99.70467398022022,True
Bearing1_3,16,2.3666666666666667,,99.68460071722839,True
Bearing1_3,17,2.35,,99.70467398022022,True
Bearing1_3,18,2.3333333333333335,2.4631354365897256,99.64190780361591,True
Bearing1_3,19,2.316666666666667,2.230780341631233,99.64190780361591,True
Bearing1_3,20,2.3,1.7856162717164838,99.59590674838402,True
Bearing1_3,21,2.283333333333333,1.0995554032999288,99.42330108725609,True
Bearing1_3,22,2.2666666666666666,0.851221595463234,99.31348740590225,True
Bearing1_3,23,2.25,0.793529853315809,99.31348740590225,True
Bearing1_3,24,2.2333333333333334,0.7858394719419481,99.2945277532725,True
Bearing1_3,25,2.216666666666667,0.8107075700215675,99.2945277532725,True
Bearing1_3,26,2.2,0.8975906082765399,99.37321740994194,True
Bearing1_3,27,2.183333333333333,1.025273240685728,99.41978756583156,True
Bearing1_3,28,2.1666666666666665,1.1265436651192064,99.37321740994194,True
Bearing1_3,29,2.15,1.2359395632906014,99.37321740994194,True
Bearing1_3,30,2.1333333333333333,1.2996811447532544,99.30063911922475,True
Bearing1_3,31,2.1166666666666667,1.3736068444080818,99.30063911922475,True
Bearing1_3,32,2.1,1.4226520040318196,99.24897020004282,True
Bearing1_3,33,2.0833333333333335,1.4121304313662324,99.11774663368386,True
Bearing1_3,34,2.066666666666667,1.486934011844551,99.24897020004282,True
Bearing1_3,35,2.05,1.6287507904021334,99.34473623382002,True
Bearing1_3,36,2.033333333333333,1.7730243094786813,99.33928131238233,True
Bearing1_3,37,2.0166666666666666,1.9280255954365333,99.34473623382002,True
Bearing1_3,38,2.0,2.123160736544941,99.38129830315147,True
Bearing1_3,39,1.9833333333333334,2.348212783579791,99.40000961273307,True
Bearing1_3,40,1.9666666666666666,2.6166666666666667,99.43824974963233,True
Bearing1_3,41,1.95,2.6166666666666667,99.46514981982335,True
Bearing1_3,42,1.9333333333333333,2.6166666666666667,99.46514981982335,True
Bearing1_3,43,1.9166666666666667,2.6166666666666667,99.50217830557578,True
Bearing1_3,44,1.9,2.6166666666666667,99.50219106643408,True
Bearing1_3,45,1.8833333333333333,2.6166666666666667,99.50217830557578,True
Bearing1_3,46,1.8666666666666667,2.6166666666666667,99.50219106643408,True
Bearing1_3,47,1.85,2.6166666666666667,99.50219106643408,True
Bearing1_3,48,1.8333333333333333,2.6166666666666667,99.49686685326263,True
Bearing1_3,49,1.8166666666666667,2.6166666666666667,99.49686685326263,True
Bearing1_3,50,1.8,2.6166666666666667,99.49939351708436,True
Bearing1_3,51,1.7833333333333334,2.6166666666666667,99.49939351708436,True
Bearing1_3,52,1.7666666666666666,2.6166666666666667,99.49939351708436,True
Bearing1_3,53,1.75,2.6166666666666667,99.51662099808709,True
Bearing1_3,54,1.7333333333333334,2.6166666666666667,99.52909561435675,True
Bearing1_3,55,1.7166666666666666,2.6166666666666667,99.54446306006257,True
Bearing1_3,56,1.7,,99.54446306006257,True
Bearing1_3,57,1.6833333333333333,,99.62664029134153,True
Bearing1_3,58,1.6666666666666667,,99.62664029134153,True
Bearing1_3,59,1.65,,99.54446306006257,True
Bearing1_3,60,1.6333333333333333,,99.4743399662142,True
Bearing1_3,61,1.6166666666666667,,98.37030546859616,True
Bearing1_3,62,1.6,,98.13133948430061,True
Bearing1_3,63,1.5833333333333333,2.6166666666666667,98.09713344439824,True
Bearing1_3,64,1.5666666666666667,2.6166666666666667,98.00174086118638,True
Bearing1_3,65,1.55,2.6166666666666667,98.00174086118638,True
Bearing1_3,66,1.5333333333333334,2.6166666666666667,98.00998694398703,True
Bearing1_3,67,1.5166666666666666,2.6166666666666667,97.97849332356712,True
Bearing1_3,68,1.5,2.6166666666666667,97.7551290827912,True
Bearing1_3,69,1.4833333333333334,2.6166666666666667,97.58488720993347,True
Bearing1_3,70,1.4666666666666666,2.409215562440174,97.51571340589152,True
Bearing1_3,71,1.45,2.0537728625749727,97.42269695509331,True
Bearing1_3,72,1.4333333333333333,1.7653913893553093,97.28951476159075,True
Bearing1_3,73,1.4166666666666667,1.5151448394438833,97.17555642170053,True
Bearing1_3,74,1.4,1.3273263134212419,96.8123907912652,True
Bearing1_3,75,1.3833333333333333,1.184238896902341,96.52656345433424,True
Bearing1_3,76,1.3666666666666667,1.0595213689544498,96.17319067779077,True
Bearing1_3,77,1.35,0.9499581823424039,95.71012788189455,True
Bearing1_3,78,1.3333333333333333,0.8606164756619845,95.45725245202328,True
Bearing1_3,79,1.3166666666666667,0.7859218952099989,95.22415585278597,True
Bearing1_3,80,1.3,0.725084076108163,95.00937079156034,True
Bearing1_3,81,1.2833333333333334,0.6768581735333068,94.98644709005598,True
Bearing1_3,82,1.2666666666666666,0.6343646977952371,94.71474865333323,True
Bearing1_3,83,1.25,0.6013364099339236,94.60558206355934,True
Bearing1_3,84,1.2333333333333334,0.574578695472882,94.58427432289037,True
Bearing1_3,85,1.2166666666666666,0.5520571459613144,94.40372524286397,True
Bearing1_3,86,1.2,0.5309122365657339,93.88039317878616,True
Bearing1_3,87,1.1833333333333333,0.5150436699928989,93.88039317878616,True
Bearing1_3,88,1.1666666666666667,0.5037462492134146,93.87966485936629,True
Bearing1_3,89,1.15,0.4952195813955127,93.5882348103086,True
Bearing1_3,90,1.1333333333333333,0.49083642096357294,93.46120192955507,True
Bearing1_3,91,1.1166666666666667,0.48930158926343403,93.14046348562808,True
Bearing1_3,92,1.1,0.49248808502848584,93.06654022965964,True
Bearing1_3,93,1.0833333333333333,0.5007034326757493,92.77840643761085,True
Bearing1_3,94,1.0666666666666667,0.5106301367223705,91.87607389099422,True
Bearing1_3,95,1.05,0.5277285759764532,91.64573490202244,True
Bearing1_3,96,1.0333333333333334,0.5501024487157575,91.10352968205954,True
Bearing1_3,97,1.0166666666666666,0.5917678413909613,90.9438107744012,True
Bearing1_3,98,1.0,0.646888613047973,90.50721121806396,True
Bearing1_3,99,0.9833333333333333,0.7093541296502268,90.33194965877071,True
Bearing1_3,100,0.9666666666666667,0.7828494218127124,90.0149240033337,True
Bearing1_3,101,0.95,0.7831222251667056,89.90479680739554,True
Bearing1_3,102,0.9333333333333333,0.7801607421111985,89.9004120068175,True
Bearing1_3,103,0.9166666666666666,0.7812920032714039,89.69108281716053,True
Bearing1_3,104,0.9,0.7818838926620344,89.2463825343731,True
Bearing1_3,105,0.8833333333333333,0.7869858307386361,88.87155750992756,True
Bearing1_3,106,0.8666666666666667,0.7986792015024635,88.61307176315563,True
Bearing1_3,107,0.85,0.8107763989120831,87.79113946224525,True
Bearing1_3,108,0.8333333333333334,0.8199862482403597,87.4902256740452,True
Bearing1_3,109,0.8166666666666667,0.8181099961532319,85.94842930669483,True
Bearing1_3,110,0.8,0.8205778493529936,85.66394651774077,True
Bearing1_3,111,0.7833333333333333,0.8248643560488651,85.14525702856528,True
Bearing1_3,112,0.7666666666666667,0.8254721252186679,84.07572979679168,True
Bearing1_3,113,0.75,0.8317791645168326,84.05134037898704,True
Bearing1_3,114,0.7333333333333333,0.8333533635692931,83.81164381638216,True
Bearing1_3,115,0.7166666666666667,0.8235979189335669,82.29519500380522,True
Bearing1_3,116,0.7,0.8115963851339261,82.14328880504523,True
Bearing1_3,117,0.6833333333333333,0.7905755784973769,81.34071374797503,True
Bearing1_3,118,0.6666666666666666,0.7649000975991156,80.21447320777355,True
Bearing1_3,119,0.65,0.7374312996917192,79.32112790541704,True
Bearing1_3,120,0.6333333333333333,0.7121562776488095,78.99073183442106,True
Bearing1_3,121,0.6166666666666667,0.6915820204430134,78.48338608044683,True
Bearing1_3,122,0.6,0.6701369654950775,77.77892930051192,True
Bearing1_3,123,0.5833333333333334,0.648307257333542,76.5315354235678,True
Bearing1_3,124,0.5666666666666667,0.6286825064184636,75.44942782246174,True
Bearing1_3,125,0.55,0.6105545625618243,74.74371367396915,True
Bearing1_3,126,0.5333333333333333,0.5896111624304821,74.13278959285665,True
Bearing1_3,127,0.5166666666666667,0.5721243965298548,73.28400732765087,True
Bearing1_3,128,0.5,0.5611165294346221,73.28400732765087,True
Bearing1_3,129,0.48333333333333334,0.5512755988766567,72.86643915562753,True
Bearing1_3,130,0.4666666666666667,0.5475894185088053,73.28400732765087,True
Bearing1_3,131,0.45,0.5474558611097082,73.60620894833431,True
Bearing1_3,132,0.43333333333333335,0.5527783027650912,73.642133354607,True
Bearing1_3,133,0.4166666666666667,0.5612545222487522,73.642133354607,True
Bearing1_3,134,0.4,0.5661038706345716,73.642133354607,True
Bearing1_3,135,0.38333333333333336,0.5652972574910784,71.34623737227548,True
Bearing1_3,136,0.36666666666666664,0.5605496130991976,70.18760850277863,True
Bearing1_3,137,0.35,0.5590092843160392,69.86311437441202,True
Bearing1_3,138,0.3333333333333333,0.5581796548265712,69.57523660732691,True
Bearing1_3,139,0.31666666666666665,0.5602165250090194,69.17254906623624,True
Bearing1_3,140,0.3,0.5625869817642708,68.41710634856295,True
Bearing1_3,141,0.2833333333333333,0.5687367945839936,67.98981912977725,True
Bearing1_3,142,0.26666666666666666,0.5815160413141096,67.8947901035835,True
Bearing1_3,143,0.25,0.5999856775550954,67.88234088410802,True
Bearing1_3,144,0.23333333333333334,0.620639019982395,67.48673394352532,True
Bearing1_3,145,0.21666666666666667,0.6462739124784962,67.44232615853845,True
Bearing1_3,146,0.2,0.6793226928745035,67.42628392526669,True
Bearing1_3,147,0.18333333333333332,0.6852531067533527,61.70027076740357,True
Bearing1_3,148,0.16666666666666666,0.6819614306362132,58.26924923547649,True
Bearing1_3,149,0.15,0.66576424216953,56.99651909460486,True
Bearing1_3,150,0.13333333333333333,0.6504190879793517,55.73449420650308,True
Bearing1_3,151,0.11666666666666667,0.6370387252725163,55.30348277421283,True
Bearing1_3,152,0.1,0.5142460867403673,9.461397694180182,True
Bearing1_3,153,0.08333333333333333,0.4107579548247169,0.0,True
Bearing1_3,154,0.06666666666666667,0.330862610451232,0.0,True
Bearing1_3,155,0.05,0.26313254739995173,0.0,True
Bearing1_3,156,0.03333333333333333,0.20941785188975848,0.9123310461172266,True
Bearing1_3,157,0.016666666666666666,0.16951675042689507,9.451953190288892,True
Bearing1_3,158,0.0,0.1342336900329495,9.451953190288892,True
Bearing1_4,1,2.0166666666666666,,57.74495327571623,False
Bearing1_4,2,2.0,,79.88688118693959,False
Bearing1_4,3,1.9833333333333334,,98.33223634917239,False
Bearing1_4,4,1.9666666666666666,,92.40980454760943,False
Bearing1_4,5,1.95,,98.33223634917239,False
Bearing1_4,6,1.9333333333333333,,100.0,False
Bearing1_4,7,1.9166666666666667,,100.0,False
Bearing1_4,8,1.9,,100.0,False
Bearing1_4,9,1.8833333333333333,,100.0,False
Bearing1_4,10,1.8666666666666667,,100.0,False
Bearing1_4,11,1.85,,100.0,False
Bearing1_4,12,1.8333333333333333,,100.0,False
Bearing1_4,13,1.8166666666666667,,100.0,False
Bearing1_4,14,1.8,,100.0,False
Bearing1_4,15,1.7833333333333334,,100.0,False
Bearing1_4,16,1.7666666666666666,,100.0,False
Bearing1_4,17,1.75,,100.0,False
Bearing1_4,18,1.7333333333333334,,100.0,False
Bearing1_4,19,1.7166666666666666,,100.0,False
Bearing1_4,20,1.7,,100.0,False
Bearing1_4,21,1.6833333333333333,,100.0,False
Bearing1_4,22,1.6666666666666667,,100.0,False
Bearing1_4,23,1.65,,100.0,False
Bearing1_4,24,1.6333333333333333,,100.0,False
Bearing1_4,25,1.6166666666666667,,100.0,False
Bearing1_4,26,1.6,,100.0,False
Bearing1_4,27,1.5833333333333333,,100.0,False
Bearing1_4,28,1.5666666666666667,,100.0,False
Bearing1_4,29,1.55,,100.0,False
Bearing1_4,30,1.5333333333333334,,100.0,False
Bearing1_4,31,1.5166666666666666,,100.0,False
Bearing1_4,32,1.5,,100.0,False
Bearing1_4,33,1.4833333333333334,,100.0,False
Bearing1_4,34,1.4666666666666666,,100.0,False
Bearing1_4,35,1.45,,100.0,False
Bearing1_4,36,1.4333333333333333,,100.0,False
Bearing1_4,37,1.4166666666666667,,100.0,False
Bearing1_4,38,1.4,,100.0,False
Bearing1_4,39,1.3833333333333333,,100.0,False
Bearing1_4,40,1.3666666666666667,,100.0,False
Bearing1_4,41,1.35,,100.0,False
Bearing1_4,42,1.3333333333333333,,100.0,False
Bearing1_4,43,1.3166666666666667,,100.0,False
Bearing1_4,44,1.3,,100.0,False
Bearing1_4,45,1.2833333333333334,,100.0,False
Bearing1_4,46,1.2666666666666666,,100.0,False
Bearing1_4,47,1.25,,100.0,False
Bearing1_4,48,1.2333333333333334,,100.0,False
Bearing1_4,49,1.2166666666666666,,100.0,False
Bearing1_4,50,1.2,,100.0,False
Bearing1_4,51,1.1833333333333333,,100.0,False
Bearing1_4,52,1.1666666666666667,,100.0,False
Bearing1_4,53,1.15,,100.0,False
Bearing1_4,54,1.1333333333333333,,100.0,False
Bearing1_4,55,1.1166666666666667,,100.0,False
Bearing1_4,56,1.1,,100.0,False
Bearing1_4,57,1.0833333333333333,,100.0,False
Bearing1_4,58,1.0666666666666667,,100.0,False
Bearing1_4,59,1.05,,100.0,False
Bearing1_4,60,1.0333333333333334,,100.0,False
Bearing1_4,61,1.0166666666666666,,100.0,False
Bearing1_4,62,1.0,,100.0,False
Bearing1_4,63,0.9833333333333333,,100.0,False
Bearing1_4,64,0.9666666666666667,,100.0,False
Bearing1_4,65,0.95,,100.0,False
Bearing1_4,66,0.9333333333333333,,100.0,False
Bearing1_4,67,0.9166666666666666,,100.0,False
Bearing1_4,68,0.9,,100.0,False
Bearing1_4,69,0.8833333333333333,,100.0,False
Bearing1_4,70,0.8666666666666667,,100.0,False
Bearing1_4,71,0.85,,100.0,False
Bearing1_4,72,0.8333333333333334,,100.0,False
Bearing1_4,73,0.8166666666666667,,100.0,False
Bearing1_4,74,0.8,,100.0,False
Bearing1_4,75,0.7833333333333333,,100.0,False
Bearing1_4,76,0.7666666666666667,,100.0,False
Bearing1_4,77,0.75,,100.0,False
Bearing1_4,78,0.7333333333333333,,100.0,False
Bearing1_4,79,0.7166666666666667,,100.0,False
Bearing1_4,80,0.7,,100.0,False
Bearing1_4,81,0.6833333333333333,,100.0,False
Bearing1_4,82,0.6666666666666666,,100.0,False
Bearing1_4,83,0.65,,79.5266755870093,False
Bearing1_4,84,0.6333333333333333,,73.07344683301741,False
Bearing1_4,85,0.6166666666666667,,56.6189624946519,False
Bearing1_4,86,0.6,,42.05744519098832,False
Bearing1_4,87,0.5833333333333334,,39.93107889448155,False
Bearing1_4,88,0.5666666666666667,,36.52662764788746,True
Bearing1_4,89,0.55,,36.52662764788746,True
Bearing1_4,90,0.5333333333333333,,8.619236945997875,True
Bearing1_4,91,0.5166666666666667,,0.3059131287466387,True
Bearing1_4,92,0.5,0.0,0.3059131287466387,True
Bearing1_4,93,0.48333333333333334,0.0,0.0,True
Bearing1_4,94,0.4666666666666667,0.0,0.0,True
Bearing1_4,95,0.45,0.0,0.3059131287466387,True
Bearing1_4,96,0.43333333333333335,0.0,17.932115927041576,True
Bearing1_4,97,0.4166666666666667,0.0,7.249600188831648,True
Bearing1_4,98,0.4,0.015278389826246297,18.44237230445217,True
Bearing1_4,99,0.38333333333333336,0.07693656835098706,19.887238726343426,True
Bearing1_4,100,0.36666666666666664,0.197253774809373,19.887238726343426,True
Bearing1_4,101,0.35,0.4632324532691545,19.887238726343426,True
Bearing1_4,102,0.3333333333333333,,27.180248961792337,True
Bearing1_4,103,0.31666666666666665,,27.870061816145792,True
Bearing1_4,104,0.3,,29.90989562350263,True
Bearing1_4,105,0.2833333333333333,,29.90989562350263,True
Bearing1_4,106,0.26666666666666666,,31.00852586564543,True
Bearing1_4,107,0.25,,29.90989562350263,True
Bearing1_4,108,0.23333333333333334,,29.530486219298087,True
Bearing1_4,109,0.21666666666666667,,29.530486219298087,True
Bearing1_4,110,0.2,,25.920704875609136,True
Bearing1_4,111,0.18333333333333332,,25.920704875609136,True
Bearing1_4,112,0.16666666666666666,,32.17298706216061,True
Bearing1_4,113,0.15,,32.17298706216061,True
Bearing1_4,114,0.13333333333333333,,31.47916767856766,True
Bearing1_4,115,0.11666666666666667,,31.47916767856766,True
Bearing1_4,116,0.1,,31.47916767856766,True
Bearing1_4,117,0.08333333333333333,,31.17229293595808,True
Bearing1_4,118,0.06666666666666667,,28.412985663894286,True
Bearing1_4,119,0.05,,27.000550069069874,True
Bearing1_4,120,0.03333333333333333,,28.412985663894286,True
Bearing1_4,121,0.016666666666666666,,27.000550069069874,True
Bearing1_4,122,0.0,,21.20384806670619,True
Bearing1_5,1,0.85,,99.9069762086579,False
Bearing1_5,2,0.8333333333333334,,99.75002932538321,False
Bearing1_5,3,0.8166666666666667,,99.9069762086579,False
Bearing1_5,4,0.8,,99.92470848634765,False
Bearing1_5,5,0.7833333333333333,,99.94244076403743,False
Bearing1_5,6,0.7666666666666667,,100.0,False
Bearing1_5,7,0.75,,100.0,False
Bearing1_5,8,0.7333333333333333,,100.0,False
Bearing1_5,9,0.7166666666666667,,100.0,False
Bearing1_5,10,0.7,,100.0,False
Bearing1_5,11,0.6833333333333333,,100.0,False
Bearing1_5,12,0.6666666666666666,,100.0,False
Bearing1_5,13,0.65,,100.0,False
Bearing1_5,14,0.6333333333333333,,100.0,False
Bearing1_5,15,0.6166666666666667,,99.98220011925285,False
Bearing1_5,16,0.6,,99.94485405982705,False
Bearing1_5,17,0.5833333333333334,,99.90445432519567,False
Bearing1_5,18,0.5666666666666667,,99.90445432519567,False
Bearing1_5,19,0.55,,99.90445432519567,False
Bearing1_5,20,0.5333333333333333,,99.58499699215054,False
Bearing1_5,21,0.5166666666666667,,99.90445432519567,False
Bearing1_5,22,0.5,,99.65350317893844,False
Bearing1_5,23,0.48333333333333334,,99.65350317893844,False
Bearing1_5,24,0.4666666666666667,,99.65350317893844,False
Bearing1_5,25,0.45,,99.65350317893844,False
Bearing1_5,26,0.43333333333333335,,99.57630698944483,False
Bearing1_5,27,0.4166666666666667,,99.57630698944483,False
Bearing1_5,28,0.4,,99.48091682196866,True
Bearing1_5,29,0.38333333333333336,,99.48091682196866,True
Bearing1_5,30,0.36666666666666664,,99.41940461822848,True
Bearing1_5,31,0.35,,99.41940461822848,True
Bearing1_5,32,0.3333333333333333,0.5579669804013333,98.99517944272833,True
Bearing1_5,33,0.31666666666666665,0.33785351173299816,98.41177636998484,True
Bearing1_5,34,0.3,0.306999257638065,98.33310282495759,True
Bearing1_5,35,0.2833333333333333,0.3086140951948959,98.23293676705623,True
Bearing1_5,36,0.26666666666666666,0.30445560550670925,97.8703634640913,True
Bearing1_5,37,0.25,0.22612933378532507,94.34618234808659,True
Bearing1_5,38,0.23333333333333334,0.15968704679018098,87.94089170612376,True
Bearing1_5,39,0.21666666666666667,0.12047880019896362,83.54493442435617,True
Bearing1_5,40,0.2,0.09918222258682818,83.20924042194764,True
Bearing1_5,41,0.18333333333333332,0.08453719524962133,81.63013985741459,True
Bearing1_5,42,0.16666666666666666,0.05984913879928322,56.74041695995889,True
Bearing1_5,43,0.15,0.03999910509692339,46.9177403905578,True
Bearing1_5,44,0.13333333333333333,0.02283186241618962,34.90207387582723,True
Bearing1_5,45,0.11666666666666667,0.00935131655381094,34.638514603034146,True
Bearing1_5,46,0.1,0.0,32.07377762914547,True
Bearing1_5,47,0.08333333333333333,0.0,28.76135250702979,True
Bearing1_5,48,0.06666666666666667,0.0,27.89900242149305,True
Bearing1_5,49,0.05,0.0,18.67748950213618,True
Bearing1_5,50,0.03333333333333333,0.0,16.085804232267613,True
Bearing1_5,51,0.016666666666666666,0.0,3.346137912164006,True
Bearing1_5,52,0.0,0.0,0.0,True
